exp_id,change,oof_auc,delta,per_fold_aucs,blend_auc,runtime_min,result,notes
0_sanity,plain LGBM on raw features (sanity check),0.95881,0.0,"0.9589,0.9578,0.9595,0.9588,0.9592",0.0,1.32,CHAMPION,5-fold full data; expected ~0.9588; sets GATE=0.000064
1_B_route,"Flight Distance group features (count, src counts, mean/std ratings+Age, cat shares)",0.9604214726686573,0.0016114726686572434,"0.9605,0.9595,0.9612,0.9605,0.9604",0.0,1.5905068039894104,NEW CHAMPION,per_fold_won=5/5 vs raw gate=0.000064
2_C_te,"Add nested 4-way TE (Class,Type,Cust,FlightDist), smooth=20, plus route+FD TE",0.9602450116798041,-0.0001759883201958301,"0.9605,0.9593,0.9608,0.9604,0.9603",0.0,2.5129654884338377,REJECTED,per_fold_won=0/5 vs lgbm_full (champion) gate=0.000064
3_D_small,"Champion + small hand-engineered features (log delays, delay diff, missing flag, rating aggregates, type_x_class_x_customer)",0.9604132792456996,-7.720754300333255e-06,"0.9607,0.9595,0.9611,0.9605,0.9603",0.0,2.2187687317530314,REJECTED,per_fold_won=3/5 vs lgbm_full (champion) gate=0.000064
4_E1_xgb,"XGBoost on champion features (route+small), depth=8, lr=0.05",0.955856467690625,-0.004564532309374925,"0.9562,0.9552,0.9567,0.9556,0.9555",0.0,19.42642296552658,REJECTED,per_fold_won=0/5 vs lgbm_full (champion) gate=0.000064
4_E1_xgb,"XGBoost on champion features (route+small), depth=8, lr=0.05",0.960158892772754,-0.0002621072272459557,"0.9605,0.9592,0.9610,0.9602,0.9599",0.0,14.109785171349843,REJECTED,per_fold_won=1/5 vs lgbm_full (champion) gate=0.000064
6_E2_cat,"CatBoost depth=4, lr=0.05, 2000 iters on route-enriched features",0.9595362859162052,-0.0008847140837947576,"0.9596,0.9585,0.9603,0.9597,0.9596",0.0,15.345843183994294,REJECTED,per_fold_won=0/5 vs lgbm_full (champion) gate=0.000064
6_E2_cat_blend,"cat_d4 added to blend (6-OOF stack, C=0.005)",0.960776,0.0,,0.960776,0.0,BLEND MEMBER,Blend improved 0.960773 -> 0.960776 (+0.000003) by adding cat_d4 to 5-OOF stack. Still excludes xgb_full_d.
7_F_optuna,"Optuna search (30 trials, 3-fold) over LGBM hyperparameters; final 5-fold refit",0.9606858029202333,0.0002648029202333424,"0.9610,0.9599,0.9615,0.9607,0.9605",0.0,63.95626715024312,NEW CHAMPION,optuna_3fold_best=0.960769 | per_fold_won=5/5 vs lgbm_full (champion) gate=0.000064
7_F_optuna_blend,"NEW CHAMPION lgbm_full_optuna added to blend (5-OOF stack, C=0.005)",0.960837,0.0,,0.960837,0.0,BLEND MEMBER,Blend improved 0.960776 -> 0.960837 (+0.000061). New champion lgbm_full_optuna (0.960686) replaces lgbm_full in the seed list.
8_G_final,"NEW champion (Optuna params) + 3 seeds averaged; lr=0.020, num_leaves=138",0.9607573008774928,7.13008774927415e-05,"0.9611,0.9599,0.9615,0.9607,0.9606",0.0,13.88690748612086,NEW CHAMPION,per_fold_won=5/5 vs lgbm_full_optuna (champion) gate=0.000064
8_G_final_blend,"NEW CHAMPION lgbm_full_g added to blend (5-OOF stack, C=0.005)",0.960865,0.0,,0.960865,0.0,BLEND MEMBER,Blend improved 0.960837 -> 0.960865 (+0.000028). NEW champion lgbm_full_g (0.960757) replaces lgbm_full_optuna in the seed list.
9_F2_optuna_xgb,"Optuna XGBoost (15 trials, 3-fold) for depth/lr/colsample — fix didn't-converge",0.9603585166833121,-0.00039848331668790316,"0.9606,0.9594,0.9611,0.9605,0.9602",0.0,124.51062394777934,REJECTED,optuna_3fold_best=0.960353 | per_fold_won=0/5 vs lgbm_full_g (champion) gate=0.000064
9_F2_optuna_xgb_blend,xgb_optuna NOT picked by hill-climb (best blend unchanged at 0.960865),0.960865,0.0,,0.960865,0.0,REJECTED,xgb_optuna (0.960359) is not picked by the blend hill-climb. Blend stays at 0.960865 with 5-OOF stack (lgbm_full_g+cat_d4+lgbm_full+lgbm_full_te+lgbm_raw). xgb_optuna was tested as a candidate; C=0.005 stacker simply does not benefit from it.
