name,oof_auc,fold_std,minutes
hill,0.9654402560919901,0.0,0.0
rank,0.9653557411796434,0.0,0.0
stack,0.9653208002803261,0.0,0.0
lgbm_full,0.9649232194075048,0.000393693772939796,0.2999658823013306
lgbm_full_et_bag,0.9648498884930279,0.00015290300486714425,0.0
lgbm_full_et,0.9647059482578787,1.4262484988925017e-05,0.4042352000872294
lgbm_full_et_s143,0.9646540957781043,0.0002702559239510238,0.4326516310373942
lgbm_full_et_s244,0.9646283580325633,8.031222947602057e-05,0.4403749227523804
lgbm_full_et_s345,0.9644535278730788,0.0002366870427200629,0.41486635208129885
xgb_full,0.9625168146050764,6.729908516467376e-05,1.0586561997731527
cat_depth10,0.9623282375859988,0.0003664469628519851,0.92647838195165
lgbm_raw,0.9532927544909622,5.651755734642494e-05,0.12727253437042235
